IP,Date,Country,City,Region,ISP,Location,Browser,OS,"Page Name","User Agent"
75.51.24.241,"09-10-2025 07:00:53",US,"Fort Lauderdale",Florida,"AT&T Corp","26.099,-80.1822",Firefox,"Windows 10","Login Page","Mozilla/5.0 (Windows NT 10.0; Win64; x64; rv:143.0) Gecko/20100101 Firefox/143.0"
66.228.53.4,"08-10-2025 08:27:22",US,Richardson,Texas,Linode,"32.9473,-96.7028",Safari,Mac,"Login Page","Mozilla/5.0 (Macintosh; Intel Mac OS X 13_1) AppleWebKit/537.36 (KHTML, like Gecko) Chrome/108.0.0.0 Safari/537.36"
45.56.79.53,"08-10-2025 08:36:21",US,Richardson,Texas,Linode,"32.9473,-96.7028",Unknown,Unknown,"Login Page","Mozilla/5.0 zgrab/0.x"
45.79.181.251,"08-10-2025 08:49:00",US,"Cedar Knolls","New Jersey",Linode,"40.8229,-74.4592",Safari,Mac,"Login Page","Mozilla/5.0 (Macintosh; Intel Mac OS X 13_1) AppleWebKit/537.36 (KHTML, like Gecko) Chrome/108.0.0.0 Safari/537.36"
64.62.156.182,"08-10-2025 13:01:43",US,Pleasanton,California,"The Shadow Server Foundation","37.6951,-121.9",Safari,Mac,"Login Page","Mozilla/5.0 (Macintosh; Intel Mac OS X 10_15_7) AppleWebKit/605.1.15 (KHTML, like Gecko) Version/17.1 Safari/605.1.15"
196.251.81.133,"08-10-2025 15:37:51",DE,"Frankfurt am Main",Hesse,"Internet Secuirty Cheapyhost","50.1109,8.68213",Safari,Mac,"Login Page","Mozilla/5.0 (Macintosh; Intel Mac OS X 10_15_6) AppleWebKit/605.1.15 (KHTML, like Gecko) Version/14.0.3 Safari/605.1.15"
34.140.71.81,"08-10-2025 19:48:41",BE,Brussels,"Brussels Capital","Google Cloud (europe-west1)","50.9009,4.4855",Unknown,Unknown,"Login Page",python-requests/2.32.5
87.120.191.37,"09-10-2025 01:39:49",NL,Amsterdam,"North Holland","VPSVAULT.HOST LTD","52.3676,4.90414",Unknown,Unknown,"Login Page",Go-http-client/1.1
64.62.156.66,"09-10-2025 04:27:59",US,Pleasanton,California,"The Shadow Server Foundation","37.6951,-121.9",Safari,Mac,"Login Page","Mozilla/5.0 (Macintosh; Intel Mac OS X 10_15_7) AppleWebKit/537.36 (KHTML, like Gecko) Chrome/140.0.0.0 Safari/537.36"
